{
	"correlation" : 80.353506949769923,
	"transformation" : 
	{
		"rotationX" : 0.32279207229814549,
		"rotationY" : -0.010743640958737276,
		"rotationZ" : -0.10568922788583633,
		"translationX" : 0.23822447443346559,
		"translationY" : 0.75975189047676028,
		"translationZ" : -0.75975189047676028
	}
}
