{
	"correlation" : 80.203429170751335,
	"transformation" : 
	{
		"rotationX" : 0.13133934480135206,
		"rotationY" : 0.24366783772714348,
		"rotationZ" : -0.087852741305042586,
		"translationX" : -0.84957692073489199,
		"translationY" : -0.84957692073489199,
		"translationZ" : -0.84957692073489199
	}
}
