{
	"correlation" : 82.069045714077589,
	"transformation" : 
	{
		"rotationX" : 0.78230036022207794,
		"rotationY" : 0.45852254447512997,
		"rotationZ" : 0.35689071673301059,
		"translationX" : 0.9851105502202685,
		"translationY" : 0.92682820598327886,
		"translationZ" : -0.7325665338784968
	}
}
