{
	"correlation" : 82.926468068558222,
	"transformation" : 
	{
		"rotationX" : 0.95320035372869949,
		"rotationY" : 0.14378213281812841,
		"rotationZ" : 0.37845184693295431,
		"translationX" : 0.57348109218440246,
		"translationY" : 1.3244182693889313,
		"translationZ" : -0.74573357979885102
	}
}
