{
	"correlation" : 80.619449504504885,
	"transformation" : 
	{
		"rotationX" : 0.2018872379421022,
		"rotationY" : 0.11880740348340627,
		"rotationZ" : -0.14575616910382869,
		"translationX" : -0.67217791655173553,
		"translationY" : 0.52830633058590681,
		"translationZ" : -0.81643831065534067
	}
}
