{
	"correlation" : 82.694974748742794,
	"transformation" : 
	{
		"rotationX" : 0.73340287065874443,
		"rotationY" : -0.010531526140381636,
		"rotationZ" : 0.38614673093048613,
		"translationX" : 1.3178379383054235,
		"translationY" : 2.1370547858264124,
		"translationZ" : -0.84411656795641432
	}
}
