{
	"correlation" : 81.768587935829686,
	"transformation" : 
	{
		"rotationX" : 1.2741644494238245,
		"rotationY" : 0.13447937465052781,
		"rotationZ" : 0.056127284876565549,
		"translationX" : 0.10167141466191179,
		"translationY" : 0.91771918618214432,
		"translationZ" : -0.72065302353972116
	}
}
