{
	"correlation" : 82.709355068438711,
	"transformation" : 
	{
		"rotationX" : 0.82130694292381301,
		"rotationY" : 0.26460972482700673,
		"rotationZ" : 0.12418224236112424,
		"translationX" : -0.53638946306280666,
		"translationY" : -0.50005943988737056,
		"translationZ" : -0.81580524003686106
	}
}
