{
	"correlation" : 83.476929157049511,
	"transformation" : 
	{
		"rotationX" : 0.85914398271371484,
		"rotationY" : 0.010425072290273273,
		"rotationZ" : 0.32061771036142139,
		"translationX" : 0.42337201439147326,
		"translationY" : 0.71351238007013362,
		"translationZ" : -0.82301946926146796
	}
}
