{
	"correlation" : 83.00293123185206,
	"transformation" : 
	{
		"rotationX" : 0.81045878214708988,
		"rotationY" : 0.12532363215237569,
		"rotationZ" : 0.28573893214905854,
		"translationX" : 0.44325815440632638,
		"translationY" : 0.67443584230203002,
		"translationZ" : -0.82359578381951482
	}
}
