{
	"correlation" : 82.103704062517622,
	"transformation" : 
	{
		"rotationX" : 0.42301835950351369,
		"rotationY" : 0.13477452639806231,
		"rotationZ" : 0.11941503734902797,
		"translationX" : -0.2042576407975446,
		"translationY" : 0.035810210868839523,
		"translationZ" : -0.74195410511025595
	}
}
