{
	"correlation" : 80.01636214546042,
	"transformation" : 
	{
		"rotationX" : 0.42275331320800941,
		"rotationY" : -0.022317142530960628,
		"rotationZ" : -0.31023272863588802,
		"translationX" : -0.9590332173313858,
		"translationY" : 0.54716163729033807,
		"translationZ" : -0.77703197632257914
	}
}
