{
	"correlation" : 81.389922606906623,
	"transformation" : 
	{
		"rotationX" : 0.46135896928833547,
		"rotationY" : 0.31760208744324941,
		"rotationZ" : 0.14188091208988571,
		"translationX" : -0.23988991253486844,
		"translationY" : 0.35719904108964184,
		"translationZ" : -0.76626778435281639
	}
}
