{
	"correlation" : 81.374421503048694,
	"transformation" : 
	{
		"rotationX" : 0.36864656384457706,
		"rotationY" : 0.054772990621216093,
		"rotationZ" : 0.00095477326865797154,
		"translationX" : 0.11680440460589871,
		"translationY" : -0.083459983092459791,
		"translationZ" : -0.77587248310471391
	}
}
